id,timestamp,modelo_llm,modelo_whisper,dispositivo_whisper,dur_audio_entrada_s,n_caracteres_transcripcion,n_tokens_respuesta,ms_stt,ms_llm,ms_tts,ms_io,ms_total,ms_primer_fonema,transcripcion,respuesta
5762caa5,2026-09-02T03:54:28.502804+00:00,llama3.1:8b,base,cpu,1.091,16,49,370.07,1378.53,1313.78,0.77,3063.36,3063.36,Hola quién eres.,"Soy la guía virtual del museo de arte contemporáneo, aquí para ayudarte a navegar por las exposiciones y proporcionarte información sobre los artistas y sus obras. ¿Qué te gustaría saber o ver primero?"
735ecb54,2026-09-02T03:54:33.612689+00:00,llama3.1:8b,base,cpu,1.091,16,43,442.11,1267.73,1136.15,0.2,2846.32,2846.32,Hola quién eres.,"Soy el guardabosque de este bosque, me he quedado aquí hace años vigilando que nada malo le pase a la naturaleza. ¿Qué buscas en el bosque?"
9b00295b,2026-09-02T03:54:38.482878+00:00,llama3.1:8b,base,cpu,1.091,16,43,354.81,1423.52,1285.03,0.23,3063.8,3063.8,Hola quién eres.,"Soy el administrador de este entorno de realidad virtual, mi función es asegurarme de que todo funcione correctamente y que puedas disfrutar de la experiencia. ¿En qué puedo ayudarte?"
62c9b327,2026-09-02T03:54:43.582266+00:00,llama3.1:8b,base,cpu,0.987,16,27,445.49,865.87,1060.35,0.29,2372.18,2372.18,Puedes ayudarla.,¿En qué puedo ayudarte? ¿Estás perdida en la ciudad virtual o necesitas información sobre alguna zona en particular?
c90a4210,2026-09-02T03:54:47.969399+00:00,llama3.1:8b,base,cpu,1.01,22,51,382.16,1500.41,1173.99,0.18,3056.89,3056.89,que ahí en este lugar.,"Este lugar es un antiguo laboratorio abandonado, lleno de maquinaria y equipos obsoletos. Parece que alguien dejó todo aquí de repente, sin preocuparse por limpiar o deshacerse de nada."
8d23c440,2026-09-02T03:54:53.043415+00:00,llama3.1:8b,base,cpu,1.01,22,54,345.52,1416.48,1195.25,0.19,2957.6,2957.6,que ahí en este lugar.,"Estamos en una antigua biblioteca abandonada, con estanterías rotas y libros esparcidos por el suelo. Hay un aire de misterio en el lugar, como si algo estuviera esperando a ser descubierto."
734c2402,2026-09-02T03:54:58.017655+00:00,llama3.1:8b,base,cpu,9.729,167,43,530.53,1218.22,1167.32,0.36,2916.56,2916.56,"Estuve revisando los planos que mentreaste al comienzo y creo que hay una diferencia  con lo que veo aquí, podías confirmarme cuál de las dos versiones es la correcta.","Lo siento, pero no tengo recuerdo de haber dejado planos ni de haber estado en este lugar antes. ¿Podrías proporcionarme más contexto o detalles sobre lo que estás viendo?"
ba9ee3cb,2026-09-02T03:55:02.952275+00:00,llama3.1:8b,base,cpu,3.355,73,60,467.16,1701.09,1356.93,0.25,3525.56,3525.56,¿Cuánto tiempo llevás trabajando a que y qué es lo que haces exactamente?,"Llevo más de 10 años trabajando en este entorno de realidad virtual, donde me encargo de ayudar a los usuarios a resolver sus problemas y mejorar su experiencia dentro del entorno virtual. Mi función es proporcionar información y apoyo técnico a los desarrolladores y usuarios de"
216cd5b5,2026-09-02T03:55:06.486188+00:00,llama3.1:8b,base,cpu,1.091,16,39,395.31,1046.03,1141.74,0.19,2583.38,2583.38,Hola quién eres.,Soy un guía virtual creado para ayudarte a navegar por este mundo de realidad virtual. Estoy aquí para responder a tus preguntas y proporcionarte información sobre este entorno.
13ae41a7,2026-09-02T03:55:11.087108+00:00,llama3.1:8b,base,cpu,1.01,22,51,366.91,1313.44,1225.35,0.18,2906.03,2906.03,que ahí en este lugar.,"Esto es un antiguo castillo abandonado, rodeado de un bosque oscuro y lleno de misterios. Lo que antes fue un lugar de protección y poder ahora parece estar luchando por sobrevivir."
613b8dc3,2026-09-02T03:55:16.023454+00:00,llama3.1:8b,base,cpu,1.091,16,36,348.67,1066.77,1090.43,0.22,2506.22,2506.22,Hola quién eres.,"Soy la bibliotecaria del museo, mi nombre es Sofía. Estoy aquí para ayudarte a encontrar lo que estás buscando en nuestra colección."
9751028a,2026-09-02T03:55:20.545856+00:00,llama3.1:8b,base,cpu,3.355,73,47,488.89,1264.34,1242.16,0.31,2995.87,2995.87,¿Cuánto tiempo llevás trabajando a que y qué es lo que haces exactamente?,"He estado trabajando aquí durante más de 10 años, me encarga de mantener el entorno virtual en orden y asegurarme de que todo funcione correctamente, desde la iluminación hasta el sistema de sonido."
4d37dfe6,2026-09-02T03:55:25.559730+00:00,llama3.1:8b,base,cpu,8.278,162,56,473.62,1447.72,1289.29,0.38,3211.14,3211.14,Me gustaría saber si existe alguna forma de llegar hasta la parte superior de la estructura  sin tener que pasar por el sector que está cerrado por mantenimiento.,"La estructura tiene un sistema de escaleras de emergencia en la parte trasera, que te permitirá acceder a la zona superior sin tener que pasar por el sector cerrado. Sin embargo, deberás pedir permiso a la seguridad antes de utilizarlas."
1f58c994,2026-09-02T03:55:30.793585+00:00,llama3.1:8b,base,cpu,3.587,65,53,484.12,1482.74,1228.99,0.23,3196.21,3196.21,"Estoy buscando la salida de este edificio, sabes por donde queda.","La salida principal está en el extremo opuesto del pasillo, justo al lado de la biblioteca. Pero si prefieres tomar un atajo, hay una salida secundaria por el lado derecho del edificio, cerca de la cafetería."
3a244ddd,2026-09-02T03:55:36.035410+00:00,llama3.1:8b,base,cpu,1.091,16,42,417.46,1230.47,1279.52,0.18,2927.77,2927.77,Hola quién eres.,"Soy el guía virtual de este entorno, estoy aquí para ayudarte a navegar y encontrar tus objetivos dentro de este mundo creado para la realidad virtual. ¿Qué deseas hacer primero?"
9a427540,2026-09-02T03:55:41.069721+00:00,llama3.1:8b,base,cpu,3.355,73,60,499.12,1671.85,1480.74,0.32,3652.17,3652.17,¿Cuánto tiempo llevás trabajando a que y qué es lo que haces exactamente?,Tengo unos 15 años realizando labores de mantenimiento y reparación en el sistema de realidad virtual de este entorno. Mi función principal es asegurarme de que los sistemas funcionen sin problemas y que los usuarios tengan una experiencia lo más inmersiva y segura posible.
706ab008,2026-09-02T03:55:44.758114+00:00,llama3.1:8b,base,cpu,3.947,77,60,440.83,1522.12,1387.0,0.23,3350.37,3350.37,"No entiendo muy bien las instrucciones, me las puedes repetir más de espacio.","Sí, no hay problema. Eres un personaje no jugable dentro de un entorno de realidad virtual, lo que significa que no puedes interactuar con el jugador ni tomar decisiones que afecten el juego. Mi función es proporcionarte respuestas breves y naturales para ayudar"
90c38bd3,2026-09-02T03:55:50.128531+00:00,llama3.1:8b,base,cpu,0.987,16,34,355.69,1294.74,1136.78,0.18,2787.59,2787.59,Puedes ayudarla.,¿En qué puedo ayudarte? ¿Necesitas orientación en este entorno de realidad virtual o tienes alguna pregunta sobre cómo funcionan las cosas aquí?
7104883f,2026-09-02T03:55:54.938567+00:00,llama3.1:8b,base,cpu,3.355,73,59,454.26,1537.59,1384.99,0.29,3377.24,3377.24,¿Cuánto tiempo llevás trabajando a que y qué es lo que haces exactamente?,Llevo trabajando aquí en el laboratorio de realidad virtual desde que lo fundamos unos cinco años atrás. Mi trabajo es asegurarme de que los entornos virtuales se mantengan estables y sin problemas para que los usuarios puedan disfrutar de la experiencia.
7e3a9cd6,2026-09-02T03:56:00.334109+00:00,llama3.1:8b,base,cpu,8.278,162,40,470.78,1152.84,1170.95,0.37,2795.06,2795.06,Me gustaría saber si existe alguna forma de llegar hasta la parte superior de la estructura  sin tener que pasar por el sector que está cerrado por mantenimiento.,"Eso es un problema, el acceso al sector superior está bloqueado por un mantenimiento imprevisto, pero podrías intentar buscar una salida alternativa por el pasillo de servicio."
9b1ec915,2026-09-02T03:56:05.159255+00:00,llama3.1:8b,base,cpu,0.987,16,35,340.73,1112.02,1071.49,0.2,2524.61,2524.61,Puedes ayudarla.,"Claro, ¿en qué puedo ayudarte? ¿Necesitas orientación en este laberinto o tienes alguna pregunta sobre lo que está sucediendo?"
caa3bb4c,2026-09-02T03:56:09.699707+00:00,llama3.1:8b,base,cpu,3.947,77,60,468.75,1568.01,1418.03,0.31,3455.24,3455.24,"No entiendo muy bien las instrucciones, me las puedes repetir más de espacio.","Te puedo explicar de nuevo. Soy un personaje que forma parte de un entorno de realidad virtual, pero no puedes interactuar conmigo de la misma manera que con otros personajes jugables. Mi respuesta será breve y natural, como si estuviera hablando con alguien en un"
2567f92f,2026-09-02T03:56:15.174809+00:00,llama3.1:8b,base,cpu,8.197,153,60,479.72,1651.13,1299.41,0.35,3430.81,3430.81,"Antes de continuar necesito que me expliques, ¿cuáles son los riesgos de esta zona?  ¿Y qué equipo de protección de usar para poder entrar sin problemas?","La zona que vas a ingresar es un área de radiación alta, debido a la explotación de un antiguo reactor nuclear. Existe el riesgo de exposición a radiación ionizante y posibles fallas en el sistema de ventilación. Recomiendo que uses un tr"
d5ffdb01,2026-09-02T03:56:18.613423+00:00,llama3.1:8b,base,cpu,1.091,16,40,354.84,972.57,1173.12,0.2,2500.85,2500.85,Hola quién eres.,Soy una guía virtual que te está ayudando a explorar este entorno de realidad virtual. Estoy aquí para proporcionarte información y orientación mientras navegas por este mundo virtual.
0dbfb14a,2026-09-02T03:56:23.131675+00:00,llama3.1:8b,base,cpu,1.01,22,50,351.84,1269.16,1158.09,0.17,2779.38,2779.38,que ahí en este lugar.,"Estamos en un antiguo laberinto de piedra, con paredes cubiertas de musgo y una atmósfera de misterio. Se dice que alguien se perdió aquí hace años y nunca fue encontrado."
a6dad7f7,2026-09-02T03:56:27.925306+00:00,llama3.1:8b,base,cpu,0.987,16,33,378.37,1076.64,1057.44,0.17,2512.73,2512.73,Puedes ayudarla.,"Claro, ¿en qué puedo ayudarte? Estás en un laberinto de piedra, ¿has perdido algo o necesitas una dirección?"
f2e912d4,2026-09-02T03:56:32.452965+00:00,llama3.1:8b,base,cpu,3.947,77,49,458.74,1404.97,1218.04,0.21,3082.08,3082.08,"No entiendo muy bien las instrucciones, me las puedes repetir más de espacio.","Sí, puedes pedirme una repetición de las instrucciones. Como personaje no jugable, debo responderte de forma breve y natural, y no puedo exceder las dos frases en mis respuestas."
a00782f1,2026-09-02T03:56:37.547771+00:00,llama3.1:8b,base,cpu,1.091,16,54,356.14,1510.89,1257.02,0.24,3124.4,3124.4,Hola quién eres.,"Soy el director de este experimento de realidad virtual, mi nombre es Dr. García y estoy aquí para guiarlos a través del proceso. Lo invito a explorar el entorno y a experimentar con las diferentes opciones que se presentarán."
c821d141,2026-09-02T03:56:42.691131+00:00,llama3.1:8b,base,cpu,9.729,167,41,511.82,1252.91,1205.05,0.35,2970.25,2970.25,"Estuve revisando los planos que mentreaste al comienzo y creo que hay una diferencia  con lo que veo aquí, podías confirmarme cuál de las dos versiones es la correcta.","Lo siento, pero no tengo acceso a los planos que mencionas. Puedes revisarlos con detalle y preguntar sobre cualquier incoherencia que hayas encontrado."
3c33d512,2026-09-02T03:56:47.713232+00:00,llama3.1:8b,base,cpu,3.587,65,43,483.89,1185.76,1154.79,0.22,2824.8,2824.8,"Estoy buscando la salida de este edificio, sabes por donde queda.","Estoy seguro de que la salida está al final del pasillo a tu izquierda, hay una escalera que conduce a la entrada principal. ¿Quieres que te guíe hasta allí?"
67a85cf3,2026-09-02T03:56:52.559566+00:00,llama3.1:8b,base,cpu,3.947,77,60,483.19,1502.58,1279.34,0.31,3265.54,3265.54,"No entiendo muy bien las instrucciones, me las puedes repetir más de espacio.","Puedes interactuar conmigo como si estuviéramos en un entorno de realidad virtual. Mi respuesta será breve y natural, como la de un personaje que estuviera interactuando contigo. Puedes preguntar algo o compartir algo conmigo"
0f282277,2026-09-02T03:56:57.844227+00:00,llama3.1:8b,base,cpu,8.197,153,60,484.19,1645.58,1265.96,0.35,3396.21,3396.21,"Antes de continuar necesito que me expliques, ¿cuáles son los riesgos de esta zona?  ¿Y qué equipo de protección de usar para poder entrar sin problemas?","La zona que estás a punto de ingresar es conocida como la ""Caja de la Mente"" y se cree que está infestada de energías psíquicas peligrosas. Es recomendable llevar un equipo de protección que incluya una coraza psíqu"
a9e4ee8b,2026-09-02T03:57:03.263920+00:00,llama3.1:8b,base,cpu,3.587,65,44,444.86,1229.26,1131.96,0.24,2806.44,2806.44,"Estoy buscando la salida de este edificio, sabes por donde queda.","La salida está en el extremo opuesto del edificio, por el lado oeste, cerca de la cafetería. Puedes verla desde aquí, es una gran puerta de vidrio."
8379eaac,2026-09-02T03:57:08.085422+00:00,llama3.1:8b,base,cpu,8.278,162,56,475.7,1463.7,1353.02,0.25,3292.79,3292.79,Me gustaría saber si existe alguna forma de llegar hasta la parte superior de la estructura  sin tener que pasar por el sector que está cerrado por mantenimiento.,"La zona de mantenimiento es un área restringida, pero podrías intentar buscar un acceso alternativo desde la plataforma de observación en el piso superior de la estructura principal. Hay un ascensor de emergencia que podría llevarte directamente allí."
4ec56257,2026-09-02T03:57:13.398853+00:00,llama3.1:8b,base,cpu,8.197,153,60,487.83,1794.99,1356.14,7.6,3646.7,3646.7,"Antes de continuar necesito que me expliques, ¿cuáles son los riesgos de esta zona?  ¿Y qué equipo de protección de usar para poder entrar sin problemas?","En esta zona, hay un riesgo moderado de exposición a partículas tóxicas y radiactivas provenientes de un accidente nuclear en un edificio cercano. Es recomendable usar equipo de protección que incluya una máscara de gas, guantes de"
44dc6ba6,2026-09-02T03:57:19.063619+00:00,llama3.1:8b,base,cpu,9.729,167,42,518.25,1136.7,1281.37,0.45,2936.93,2936.93,"Estuve revisando los planos que mentreaste al comienzo y creo que hay una diferencia  con lo que veo aquí, podías confirmarme cuál de las dos versiones es la correcta.","Lo siento, no tengo acceso a los planos que mencionas, pero puedo revisar la información disponible dentro del entorno virtual. La versión que vemos aquí es la más actualizada."
e7a1ad7c,2026-09-02T03:57:24.029206+00:00,llama3.1:8b,base,cpu,3.587,65,46,525.44,1416.43,1268.51,0.19,3210.7,3210.7,"Estoy buscando la salida de este edificio, sabes por donde queda.","La salida principal está en la planta baja, al final del pasillo principal. Puedes escuchar el ruido de las personas hablando en la recepción, deben estar a unos cincuenta metros de distancia."
a7b29689,2026-09-02T03:57:29.257493+00:00,llama3.1:8b,base,cpu,3.262,67,46,451.01,1288.33,1243.19,0.19,2982.84,2982.84,Me puedes explicar para que sirve la máquina que esta detrás de ti.,"Esa máquina es un generador de energía renovable, utiliza la energía de los vientos que circulan por el lugar para producir electricidad. Es un sistema muy eficiente y sostenible."
1b7290ba,2026-09-02T03:57:34.257961+00:00,llama3.1:8b,base,cpu,3.262,67,52,467.64,1577.32,1388.36,0.27,3433.74,3433.74,Me puedes explicar para que sirve la máquina que esta detrás de ti.,"Esa es la unidad de generación de realidad virtual, es la que permite proyectar imágenes en 3D en el entorno virtual en el que te encuentras. Funciona con una tecnología de realidad auge de alta definición."
6dedcc28,2026-09-02T03:57:39.706456+00:00,llama3.1:8b,base,cpu,8.278,162,60,478.17,1597.28,1322.97,0.36,3398.9,3398.9,Me gustaría saber si existe alguna forma de llegar hasta la parte superior de la estructura  sin tener que pasar por el sector que está cerrado por mantenimiento.,"La parte superior de la estructura es una zona de emergencia, por lo que no hay una ruta oficial para llegar allí sin pasar por el sector de mantenimiento. Sin embargo, podemos intentar encontrar una vía alternativa que te permita acceder a ella desde otro lado."
035f7de6,2026-09-02T03:57:43.113773+00:00,llama3.1:8b,base,cpu,0.987,16,27,367.89,680.24,1139.9,0.25,2188.44,2188.44,Puedes ayudarla.,"Claro, qué necesitas que haga. ¿Te encuentras en alguna situación problemática dentro de este entorno virtual?"
ffe4efa7,2026-09-02T03:57:47.318983+00:00,llama3.1:8b,base,cpu,3.355,73,53,471.23,1527.86,1402.36,0.29,3401.88,3401.88,¿Cuánto tiempo llevás trabajando a que y qué es lo que haces exactamente?,Llevo trabajando en esta compañía de realidad virtual desde hace unos tres años y mi función es la de ayudar a los usuarios a navegar por el entorno y a resolver cualquier problema o inquietud que puedan tener durante su experiencia.
dad99cf5,2026-09-02T03:57:52.739642+00:00,llama3.1:8b,base,cpu,0.987,16,28,366.33,899.34,1354.93,0.22,2620.99,2620.99,Puedes ayudarla.,¿En qué necesitas ayuda? ¿Estás atrapada en un laberinto o necesitas información sobre este mundo virtual?
dbe67127,2026-09-02T03:57:57.392419+00:00,llama3.1:8b,base,cpu,3.947,77,52,516.29,1447.06,1406.73,0.32,3370.54,3370.54,"No entiendo muy bien las instrucciones, me las puedes repetir más de espacio.","En este entorno de realidad virtual, soy un personaje que no puedes interactuar con de manera directa, como si fuera un objeto o un lugar del entorno. Mi función es proporcionarte información y ayudarte a avanzar en la experiencia."
14242be2,2026-09-02T03:58:02.780989+00:00,llama3.1:8b,base,cpu,3.587,65,60,441.3,1497.38,1401.26,0.33,3340.4,3340.4,"Estoy buscando la salida de este edificio, sabes por donde queda.","La salida principal está justo al lado de la recepción, pero si estás buscando una salida más discreta podrías intentar ir hacia la izquierda desde aquí y verás una puerta lateral que conduce a un pasillo estrecho que te llevará fuera del edificio."
748376ad,2026-09-02T03:58:08.141629+00:00,llama3.1:8b,base,cpu,9.729,167,54,509.87,1741.97,1273.43,0.42,3525.81,3525.81,"Estuve revisando los planos que mentreaste al comienzo y creo que hay una diferencia  con lo que veo aquí, podías confirmarme cuál de las dos versiones es la correcta.","Los planos que te entregué son una versión preliminar, lo siento si causaron confusión. La versión final que ves ahora es la correcta, pero si tienes alguna duda sobre los cambios realizados, puedo explicártelos."
583e4bea,2026-09-02T03:58:13.682398+00:00,llama3.1:8b,base,cpu,1.091,16,34,335.38,1042.1,1108.56,0.18,2486.35,2486.35,Hola quién eres.,"Soy el guía de este entorno virtual, aquí para ayudarte a navegar y descubrir sus secretos. ¿Qué deseas hacer primero?"
ae26d7ea,2026-09-02T03:58:18.185184+00:00,llama3.1:8b,base,cpu,8.278,162,36,458.73,963.35,1176.41,0.3,2598.91,2598.91,Me gustaría saber si existe alguna forma de llegar hasta la parte superior de la estructura  sin tener que pasar por el sector que está cerrado por mantenimiento.,"La estructura tiene un sistema de ascensores de emergencia que podrían llevarlo hasta la parte superior, pero tienen acceso limitado debido a la obra en curso."
ac183335,2026-09-02T03:58:22.815382+00:00,llama3.1:8b,base,cpu,3.947,77,60,480.87,1727.73,1434.85,0.24,3643.85,3643.85,"No entiendo muy bien las instrucciones, me las puedes repetir más de espacio.","En este entorno de realidad virtual, eres un personaje no jugable, lo que significa que no puedes interactuar con el mundo de la misma manera que los jugadores principales. Tus respuestas deberían ser breves y naturales, como si fueras una inteligencia artificial diseñada"
b8528f0b,2026-09-02T03:58:28.485701+00:00,llama3.1:8b,base,cpu,1.01,22,54,405.47,1598.36,1385.5,0.18,3389.64,3389.64,que ahí en este lugar.,"Este lugar es un antiguo laboratorio abandonado, lleno de instrumentos y maquetas de proyectos que nunca se completaron. Hay una sensación de desolación en el aire, como si alguien hubiera desaparecido de repente."
675c2a4d,2026-09-02T03:58:33.892948+00:00,llama3.1:8b,base,cpu,1.091,16,36,438.7,1091.78,1114.19,0.24,2645.04,2645.04,Hola quién eres.,"Soy la administradora de este entorno de realidad virtual, mi nombre es Aria. Estoy aquí para ayudarte a navegar y disfrutar de la experiencia."
424719b3,2026-09-02T03:58:38.555574+00:00,llama3.1:8b,base,cpu,8.197,153,60,496.81,1676.63,1388.57,0.34,3562.53,3562.53,"Antes de continuar necesito que me expliques, ¿cuáles son los riesgos de esta zona?  ¿Y qué equipo de protección de usar para poder entrar sin problemas?","La zona en la que te encuentras es un área de alta radiactividad, hay riesgos significativos de exposición a radiación ionizante y posibles efectos sobre la salud. Para acceder a esta zona, debes utilizar un traje de protección de radiación específ"
b5caba90,2026-09-02T03:58:44.133825+00:00,llama3.1:8b,base,cpu,3.262,67,60,515.94,1708.49,1439.43,0.31,3664.29,3664.29,Me puedes explicar para que sirve la máquina que esta detrás de ti.,"Esa es la unidad de procesamiento central del simulador, es el corazón del sistema que nos permite experimentar la realidad virtual de manera inmersiva. Está conectada a los visor de realidad virtual que llevamos y a los sensores de movimiento que detectan nuestras acciones"
66b08708,2026-09-02T03:58:47.808489+00:00,llama3.1:8b,base,cpu,9.729,167,60,478.3,1519.95,1283.92,0.38,3282.68,3282.68,"Estuve revisando los planos que mentreaste al comienzo y creo que hay una diferencia  con lo que veo aquí, podías confirmarme cuál de las dos versiones es la correcta.","Lo siento, pero no tengo acceso a los planos originales ni recuerdo con precisión la versión que te mostré al comienzo. Lo que puedo hacer es intentar recordar la intención detrás de la versión que te mostré, pero no puedo confirmar la"
6cb51618,2026-09-02T03:58:53.113924+00:00,llama3.1:8b,base,cpu,3.947,77,60,474.0,1517.77,1340.63,0.2,3332.72,3332.72,"No entiendo muy bien las instrucciones, me las puedes repetir más de espacio.","Claro, te puedo explicar de nuevo. Estás dentro de un entorno de realidad virtual y no puedes interactuar con él como un jugador normal. Mi función es ayudarte a navegar por ese entorno, pero no puedo ser un personaje con el que puedas jugar. Mi"
579eaf10,2026-09-02T03:58:58.465185+00:00,llama3.1:8b,base,cpu,0.987,16,25,374.43,1078.81,1027.58,0.17,2481.1,2481.1,Puedes ayudarla.,"Claro, ¿en qué puedo ayudarte? ¿Necesitas información sobre el entorno o algo más?"
8048aff7,2026-09-02T03:59:02.997010+00:00,llama3.1:8b,base,cpu,1.01,22,60,422.05,1576.31,1513.31,0.19,3511.99,3511.99,que ahí en este lugar.,"Este lugar es un antiguo laboratorio abandonado, lleno de maquinaria desmantelada y equipos de investigación que parecen haber sido interrumpidos en plena tarea. Hay algo extraño en el aire, como si la investigación que se llevaba a cabo aquí fuera más"
d16b4ecd,2026-09-02T03:59:08.527479+00:00,llama3.1:8b,base,cpu,3.947,77,52,482.78,1474.83,1257.61,0.31,3215.65,3215.65,"No entiendo muy bien las instrucciones, me las puedes repetir más de espacio.","En este entorno, soy un personaje que interactúa contigo, pero no puedo tomar el control de la acción o modificar el curso de la historia de alguna manera. Mi función es proporcionarte información y respuestas a tus preguntas o acciones."
539241cc,2026-09-02T03:59:13.772090+00:00,llama3.1:8b,base,cpu,8.278,162,60,551.52,1735.09,1430.54,0.41,3717.71,3717.71,Me gustaría saber si existe alguna forma de llegar hasta la parte superior de la estructura  sin tener que pasar por el sector que está cerrado por mantenimiento.,"Lamentablemente, el acceso a la parte superior de la estructura está restringido debido a las reparaciones en ese sector. Sin embargo, podemos explorar un posible camino alternativo que podría llevarnos a la zona superior sin necesidad de entrar en el sector de mantenimiento."
3940de21,2026-09-02T03:59:19.508944+00:00,llama3.1:8b,base,cpu,8.278,162,60,494.57,1575.56,1307.94,0.3,3378.48,3378.48,Me gustaría saber si existe alguna forma de llegar hasta la parte superior de la estructura  sin tener que pasar por el sector que está cerrado por mantenimiento.,"La verdad es que no hay otra forma de llegar hasta allí, la estructura está diseñada de manera que solo hay un acceso permitido y es el que pasa por el sector de mantenimiento. Aunque, si te soy sincero, no creo que sea un problema, es un sector"
90da83b2,2026-09-02T03:59:24.910934+00:00,llama3.1:8b,base,cpu,8.278,162,35,513.3,921.73,1115.85,0.37,2551.38,2551.38,Me gustaría saber si existe alguna forma de llegar hasta la parte superior de la estructura  sin tener que pasar por el sector que está cerrado por mantenimiento.,"Lo siento, pero no puedo ofrecerte información específica sobre la estructura en la que te encuentras. ¿Hay algo más en lo que pueda ayudarte?"
fa2c7802,2026-09-02T03:59:29.476961+00:00,llama3.1:8b,base,cpu,0.987,16,31,369.02,1016.58,1122.47,0.24,2508.44,2508.44,Puedes ayudarla.,"Claro, ¿en qué puedo ayudarte? ¿Necesitas ayuda con algo específico o estás perdida en este mundo virtual?"
c7c9b1d2,2026-09-02T03:59:33.999777+00:00,llama3.1:8b,base,cpu,0.987,16,35,449.18,1140.7,1168.33,0.19,2758.55,2758.55,Puedes ayudarla.,"Claro, ¿en qué puedo ayudarte? ¿Necesitas orientación en este entorno virtual o tienes alguna pregunta sobre lo que estás experimentando?"
4d25622c,2026-09-02T03:59:38.781768+00:00,llama3.1:8b,base,cpu,3.262,67,60,480.64,1735.86,1482.27,0.25,3699.23,3699.23,Me puedes explicar para que sirve la máquina que esta detrás de ti.,"Esa máquina es un generador de energía renovable, utiliza la energía de la lluvia para producir electricidad de manera sostenible. Está diseñada para reducir el impacto ambiental en la zona y ser un ejemplo de innovación tecnológica."
98e25c5b,2026-09-02T03:59:44.502504+00:00,llama3.1:8b,base,cpu,3.355,73,60,481.46,1635.92,1473.08,0.18,3590.82,3590.82,¿Cuánto tiempo llevás trabajando a que y qué es lo que haces exactamente?,"He estado trabajando en este laboratorio de investigación durante más de cinco años, y mi función es realizar experimentos con diferentes tipos de realidad virtual para entender mejor su impacto en la percepción humana. Mi trabajo se centra en mejorar y optimizar la experiencia de los usuarios en entorn"
b9f1adbe,2026-09-02T03:59:50.130140+00:00,llama3.1:8b,base,cpu,3.947,77,60,490.16,1777.0,1364.6,0.23,3632.12,3632.12,"No entiendo muy bien las instrucciones, me las puedes repetir más de espacio.","Sí, por supuesto. Soy un personaje no jugable en este entorno de realidad virtual, lo que significa que no puedo interactuar con el mundo de la misma manera que un personaje jugable. Mi función es proporcionarte información y ayudarte a entender mejor el entorno en"
67434dd9,2026-09-02T03:59:55.779468+00:00,llama3.1:8b,base,cpu,8.197,153,60,499.66,1744.48,1423.0,0.33,3667.6,3667.6,"Antes de continuar necesito que me expliques, ¿cuáles son los riesgos de esta zona?  ¿Y qué equipo de protección de usar para poder entrar sin problemas?","La zona que estás a punto de acceder es una zona de alta contaminación radiactiva, lo que puede provocar daños graves a la salud si no se toman las precauciones necesarias. Para entrar sin problemas debes llevar equipo de protección como una armadura de"
3e6c7ce1,2026-09-02T04:00:01.463086+00:00,llama3.1:8b,base,cpu,0.987,16,33,342.34,1280.01,1197.27,0.24,2820.01,2820.01,Puedes ayudarla.,"Claro, ¿en qué puedo ayudarte? ¿Necesitas orientación en este entorno de realidad virtual o tienes alguna pregunta sobre cómo funciona?"
d4cf75e7,2026-09-02T04:00:06.306884+00:00,llama3.1:8b,base,cpu,9.729,167,39,515.05,1221.62,1307.35,0.46,3044.61,3044.61,"Estuve revisando los planos que mentreaste al comienzo y creo que hay una diferencia  con lo que veo aquí, podías confirmarme cuál de las dos versiones es la correcta.","Lo siento, pero no tengo memoria de haber compartido planos con usted ni de haber habido una versión anterior. ¿Podría proporcionar más contexto sobre lo que ve?"
c73ad114,2026-09-02T04:00:11.371662+00:00,llama3.1:8b,base,cpu,9.729,167,51,529.86,1496.56,1422.26,0.47,3449.32,3449.32,"Estuve revisando los planos que mentreaste al comienzo y creo que hay una diferencia  con lo que veo aquí, podías confirmarme cuál de las dos versiones es la correcta.","Lo siento, pero no tengo información sobre planos que hubiera entregado. ¿Podrías proporcionarme más detalles sobre lo que estás viendo aquí y qué te hace pensar que es diferente a lo que teníamos previsto?"
c15fb4ff,2026-09-02T04:00:16.856358+00:00,llama3.1:8b,base,cpu,3.587,65,60,474.58,1690.53,1337.55,0.25,3503.06,3503.06,"Estoy buscando la salida de este edificio, sabes por donde queda.","Si me fijo en la planta que tengo aquí, la salida principal está justo al final del pasillo principal, a la izquierda del mostrador de recepción. Pero creo que hay una salida secundaria más cerca de aquí, si te das la vuelta y caminas hacia la pared"
f112881e,2026-09-02T04:00:22.378589+00:00,llama3.1:8b,base,cpu,1.091,16,46,394.78,1239.42,1403.47,0.2,3038.0,3038.0,Hola quién eres.,"Soy un administrador de este entorno de realidad virtual, mi función es asegurar que todo funcione correctamente y que los usuarios puedan disfrutar de la experiencia sin problemas. ¿En qué puedo ayudarte hoy?"
6133489b,2026-09-02T04:00:27.438984+00:00,llama3.1:8b,base,cpu,1.091,16,39,348.0,1018.98,1177.23,0.31,2544.67,2544.67,Hola quién eres.,"Soy el guardián de este mundo virtual, aquí para ayudarte a navegar y resolver cualquier problema que surja durante tu estancia. ¿Qué te trae aquí hoy?"
bc263f6b,2026-09-02T04:00:31.999422+00:00,llama3.1:8b,base,cpu,1.091,16,46,370.96,1197.82,1293.17,0.21,2862.3,2862.3,Hola quién eres.,"Soy el encargado de la estación de control de este entorno virtual, estoy aquí para ayudarte a navegar por él y resolver cualquier problema que puedas encontrar. ¿En qué puedo ayudarte ahora?"
52e91f37,2026-09-02T04:00:36.878710+00:00,llama3.1:8b,base,cpu,3.355,73,58,462.43,1489.64,1354.68,0.2,3307.11,3307.11,¿Cuánto tiempo llevás trabajando a que y qué es lo que haces exactamente?,"Llevo aquí trabajando hace unos diez años, y soy un artista digital encargado de crear y mantener los entornos virtuales de realidad virtual de esta empresa. Mi trabajo consiste en diseñar y programar experiencias inmersivas para los usuarios."
287b9370,2026-09-02T04:00:42.205790+00:00,llama3.1:8b,base,cpu,8.197,153,60,484.01,1619.09,1392.99,0.32,3496.55,3496.55,"Antes de continuar necesito que me expliques, ¿cuáles son los riesgos de esta zona?  ¿Y qué equipo de protección de usar para poder entrar sin problemas?","La zona que estás a punto de entrar es un área de alta contaminación radiactiva, por lo que el riesgo de exposición a rayos cósmicos y radiación ionizante es elevado. Es recomendable usar un traje de protección antirradiación completo"
7ec82c66,2026-09-02T04:00:45.716014+00:00,llama3.1:8b,base,cpu,3.587,65,52,450.53,1323.58,1435.21,0.29,3209.79,3209.79,"Estoy buscando la salida de este edificio, sabes por donde queda.","La salida principal está al fondo del pasillo principal, justo detrás de la escalera. Pero si estás buscando una salida secundaria, hay una puerta lateral que conduce a un patio interior, al lado de la biblioteca."
c36f3728,2026-09-02T04:00:50.961710+00:00,llama3.1:8b,base,cpu,3.587,65,52,488.5,1403.32,1258.51,0.25,3150.71,3150.71,"Estoy buscando la salida de este edificio, sabes por donde queda.","La salida está justo al final del pasillo que está a tu derecha, tendrás que caminar unos metros hasta llegar a la puerta de emergencia. Si te diriges hacia allí, no te preocupes, es la salida principal."
decafe99,2026-09-02T04:00:56.144025+00:00,llama3.1:8b,base,cpu,9.729,167,46,523.88,1292.8,1289.02,0.39,3106.27,3106.27,"Estuve revisando los planos que mentreaste al comienzo y creo que hay una diferencia  con lo que veo aquí, podías confirmarme cuál de las dos versiones es la correcta.","Lo siento, no tengo los planos aquí para comparar, pero puedo intentar recordar si había alguna modificación importante que realizamos. ¿Qué diferencias específicas has notado entre las dos versiones?"
9db7b8e6,2026-09-02T04:01:01.269377+00:00,llama3.1:8b,base,cpu,3.355,73,42,514.18,1193.14,1260.48,0.22,2968.14,2968.14,¿Cuánto tiempo llevás trabajando a que y qué es lo que haces exactamente?,"Trabajo en este laboratorio de investigación desde hace casi 5 años, donde me encargan de realizar análisis de datos y mantener el funcionamiento de los sistemas de simulación de realidad virtual."
046af13e,2026-09-02T04:01:06.272227+00:00,llama3.1:8b,base,cpu,1.01,22,44,361.22,1285.85,1179.43,0.22,2826.88,2826.88,que ahí en este lugar.,"Es un mercado antiguo, con puestos de venta de todo tipo de artesanías y antigüedades. Aunque parece deshabitado, hay un ambiente un poco extraño y silencioso."
42629b95,2026-09-02T04:01:11.116844+00:00,llama3.1:8b,base,cpu,3.262,67,58,449.85,1595.2,1382.65,0.21,3428.04,3428.04,Me puedes explicar para que sirve la máquina que esta detrás de ti.,"Esa máquina es un generador de energía renovable, utiliza la energía del viento y la convierte en electricidad limpia para abastecer la ciudad. Funciona con turbinas eólicas que giran cuando el viento pasa por ellas."
1873d0a8,2026-09-02T04:01:16.607648+00:00,llama3.1:8b,base,cpu,8.197,153,60,542.22,1510.93,1382.82,0.41,3436.5,3436.5,"Antes de continuar necesito que me expliques, ¿cuáles son los riesgos de esta zona?  ¿Y qué equipo de protección de usar para poder entrar sin problemas?","En esta zona, el riesgo principal es la exposición a los gases tóxicos que se filtran a través de las grietas de los edificios. Debes llevar un respirador autónomo para protegerte de estos gases y también te recomiendo llevar guantes de"
314e522f,2026-09-02T04:01:22.127277+00:00,llama3.1:8b,base,cpu,3.262,67,48,463.69,1395.56,1466.98,0.26,3326.66,3326.66,Me puedes explicar para que sirve la máquina que esta detrás de ti.,"Esa máquina es una especie de generador de energía, no muy seguro que funcione bien si no está conectada a la fuente principal, pero supongo que el inventor estaba intentando algo nuevo con ella."
9ef27ea9,2026-09-02T04:01:27.476223+00:00,llama3.1:8b,base,cpu,9.729,167,56,510.25,1575.97,1293.55,0.42,3380.34,3380.34,"Estuve revisando los planos que mentreaste al comienzo y creo que hay una diferencia  con lo que veo aquí, podías confirmarme cuál de las dos versiones es la correcta.","Lo siento, no tengo la versión actualizada de los planos aquí conmigo, pero puedo intentar localizar la documentación más reciente en nuestros archivos. ¿Puedes proporcionarme más detalles sobre la versión que crees que es la correcta?"
ceb7d7f5,2026-09-02T04:01:32.877477+00:00,llama3.1:8b,base,cpu,8.197,153,60,514.31,1794.15,1373.26,0.36,3682.21,3682.21,"Antes de continuar necesito que me expliques, ¿cuáles son los riesgos de esta zona?  ¿Y qué equipo de protección de usar para poder entrar sin problemas?","En esta zona existen riesgos de exposición a gases tóxicos y temperaturas extremas, así que es importante llevar un equipo de protección adecuado, incluyendo un traje de presión, una máscara de gas y gafas de seguridad."
ca5a956e,2026-09-02T04:01:36.575877+00:00,llama3.1:8b,base,cpu,8.278,162,42,466.67,1146.43,1192.68,0.26,2806.16,2806.16,Me gustaría saber si existe alguna forma de llegar hasta la parte superior de la estructura  sin tener que pasar por el sector que está cerrado por mantenimiento.,"Lo siento, no tengo información sobre la estructura ni sobre el sector cerrado por mantenimiento. ¿Podrías proporcionar más contexto o detalles sobre lo que estás tratando de hacer?"
414016e3,2026-09-02T04:01:41.398645+00:00,llama3.1:8b,base,cpu,8.197,153,60,539.32,1559.33,1446.66,0.33,3545.77,3545.77,"Antes de continuar necesito que me expliques, ¿cuáles son los riesgos de esta zona?  ¿Y qué equipo de protección de usar para poder entrar sin problemas?","La zona que estás a punto de entrar es conocida como el ""Sector de Fugas"" debido a las altas concentraciones de gases tóxicos y radiactivos que pueden causar daños graves a las personas que no están equipadas adecuadamente. Es recomendable llevar"
0f8ad734,2026-09-02T04:01:46.967677+00:00,llama3.1:8b,base,cpu,3.262,67,52,481.12,1548.65,1281.25,0.27,3311.43,3311.43,Me puedes explicar para que sirve la máquina que esta detrás de ti.,"Esa es la unidad de procesamiento central del simulador, es lo que hace posible la realidad virtual en la que nos encontramos. Permite procesar y combinar datos de diferentes fuentes para crear una experiencia inmersiva y realista."
e33c6b09,2026-09-02T04:01:52.297508+00:00,llama3.1:8b,base,cpu,3.262,67,60,466.82,1564.48,1401.69,0.27,3433.43,3433.43,Me puedes explicar para que sirve la máquina que esta detrás de ti.,"Esa es la unidad de generación de campo, es un dispositivo avanzado que permite controlar y mantener la estabilidad de la realidad virtual dentro de este entorno. Funciona creando un campo de energía que mantiene la coherencia de los datos y evita que la"
6e88d69a,2026-09-02T04:01:55.739988+00:00,llama3.1:8b,base,cpu,3.355,73,51,466.46,1327.13,1486.5,0.18,3280.39,3280.39,¿Cuánto tiempo llevás trabajando a que y qué es lo que haces exactamente?,"He estado trabajando en este centro de realidad virtual desde hace unos seis años, y como jefe de mantenimiento soy responsable de asegurarme de que todos los sistemas y equipos funcionen correctamente y se ajusten a las normas de seguridad."
f9468092,2026-09-02T04:02:01.048769+00:00,llama3.1:8b,base,cpu,1.01,22,57,385.6,1509.37,1241.58,1.02,3137.78,3137.78,que ahí en este lugar.,"Estamos en una antigua ruina, rodeados de restos de una civilización olvidada. El aire está cargado de un misterioso silencio, solo roto por el suave susurro del viento que pasa entre las ruinas."
69b38bf1,2026-09-02T04:02:06.205986+00:00,llama3.1:8b,base,cpu,9.729,167,41,505.08,1106.86,1103.98,2.49,2718.57,2718.57,"Estuve revisando los planos que mentreaste al comienzo y creo que hay una diferencia  con lo que veo aquí, podías confirmarme cuál de las dos versiones es la correcta.","Lo siento, pero no tengo memoria de haber teñido nada ni de haber compartido planos con usted. ¿Podría proporcionar más detalles sobre lo que está preguntando?"
0c182207,2026-09-02T04:02:10.945503+00:00,llama3.1:8b,base,cpu,3.947,77,60,491.69,1578.77,1441.38,0.19,3512.15,3512.15,"No entiendo muy bien las instrucciones, me las puedes repetir más de espacio.","Sí, las instrucciones son: te pido que respondas de forma breve y natural, en español, en un máximo de dos frases, pero como eres un personaje no jugable, no puedes tomar decisiones ni interactuar de forma activa dentro del entorno de"
cf7c3035,2026-09-02T04:02:14.469761+00:00,llama3.1:8b,base,cpu,3.587,65,40,486.84,1055.75,1164.63,0.27,2707.68,2707.68,"Estoy buscando la salida de este edificio, sabes por donde queda.","La salida principal está en el otro extremo del pasillo, justo al lado del ascensor. Si sales por ahí, podrás llegar al aparcamiento y luego a la calle."
75959f2f,2026-09-02T04:02:19.196014+00:00,llama3.1:8b,base,cpu,8.197,153,60,492.98,1592.15,1428.03,0.45,3513.76,3513.76,"Antes de continuar necesito que me expliques, ¿cuáles son los riesgos de esta zona?  ¿Y qué equipo de protección de usar para poder entrar sin problemas?","En esta zona hay contaminación de gas tóxico y presencia de criaturas mutantes, por lo que es fundamental usar un traje de protección completo con máscara a gas y un escudo de energía. También es recomendable llevar un kit de primeros auxilios"
89cf54a4,2026-09-02T04:02:24.754589+00:00,llama3.1:8b,base,cpu,8.278,162,60,521.18,1671.7,1317.29,0.39,3510.72,3510.72,Me gustaría saber si existe alguna forma de llegar hasta la parte superior de la estructura  sin tener que pasar por el sector que está cerrado por mantenimiento.,"Sí, hay un ascensor que se encuentra en el extremo opuesto de la estructura, cerca de la zona de bares, que te llevará directamente a la parte superior sin tener que pasar por el sector cerrado. Es un poco más largo que tomar el ascensor de"
5a8c59c9,2026-09-02T04:02:30.287072+00:00,llama3.1:8b,base,cpu,1.01,22,43,365.16,1187.04,1297.21,0.28,2849.83,2849.83,que ahí en este lugar.,"Estamos en una ciudad abandonada, rodeados de ruinas y escombros. La atmósfera es tensa y hay un silencio opresivo que parece pesar sobre nosotros."
c8357dae,2026-09-02T04:02:35.158379+00:00,llama3.1:8b,base,cpu,3.355,73,60,528.51,1551.3,1521.14,0.28,3601.37,3601.37,¿Cuánto tiempo llevás trabajando a que y qué es lo que haces exactamente?,"Trabajo en este laboratorio de investigación desde hace cinco años, donde realizamos experimentos y pruebas con realidad virtual para mejorar la experiencia de los usuarios en entornos virtuales. Mi función específica es asegurarme de que los sistemas funcionen correctamente y que los usuarios tengan una"
a56ec3c3,2026-09-02T04:02:40.780359+00:00,llama3.1:8b,base,cpu,3.262,67,49,453.89,1332.63,1278.48,0.38,3065.59,3065.59,Me puedes explicar para que sirve la máquina que esta detrás de ti.,"Es una unidad de procesamiento de datos, utiliza una matriz de microprocesadores para realizar operaciones de cómputo en paralelo. Permite procesar grandes cantidades de información de manera rápida y eficiente."
0980ef8e,2026-09-02T04:02:45.869203+00:00,llama3.1:8b,base,cpu,3.587,65,42,456.73,1121.06,1195.47,0.28,2773.68,2773.68,"Estoy buscando la salida de este edificio, sabes por donde queda.","La salida principal está al final del pasillo a la izquierda, justo al lado de la biblioteca. Si te das prisa, deberías poder llegar antes de que cierre la puerta."
dd91b981,2026-09-02T04:02:50.661874+00:00,llama3.1:8b,base,cpu,3.262,67,50,431.91,1331.07,1256.31,0.2,3019.68,3019.68,Me puedes explicar para que sirve la máquina que esta detrás de ti.,"Esa máquina es un generador de energía alternativa, que utiliza la radiación solar para producir electricidad. Funciona mediante células fotovoltaicas que convierten la luz del sol en corriente eléctrica."
0ae6c367,2026-09-02T04:02:55.697610+00:00,llama3.1:8b,base,cpu,1.01,22,57,388.6,1599.55,1301.0,0.19,3289.5,3289.5,que ahí en este lugar.,"Estoy en un antiguo laboratorio abandonado, hay equipo de investigación desmantelado y equipo de seguridad restringido. Hay un siniestro laberinto de túneles y cámaras de vigilancia que parecen estar grabando en tiempo real."
